{"labels": [1780880400, 1780966800, 1781053200, 1781139600, 1781226000, 1781485200, 1781571600, 1781658000, 1781744400, 1782090000, 1782176400, 1782262800, 1782349200, 1782435600, 1782694800, 1782781200, 1782867600, 1782954000, 1783040400, 1783299600, 1783386000, 1783472400, 1783558800, 1783645200, 1783904400], "data": {"2330.TW": [2295.0, 2305.0, 2255.0, 2250.0, 2310.0, 2375.0, 2400.0, 2385.0, 2410.0, 2510.0, 2490.0, 2390.0, 2390.0, 2340.0, 2370.0, 2410.0, 2505.0, 2465.0, 2445.0, 2460.0, 2440.0, 2465.0, 2415.0, 2415.0, 2440.0], "0050.TW": [100.94999694824219, 103.5, 100.25, 99.8499984741211, 101.94999694824219, 105.25, 105.9000015258789, 106.0, 107.30000305175781, 111.1500015258789, 110.0999984741211, 107.1500015258789, 107.19999694824219, 103.0999984741211, 104.44999694824219, 107.80000305175781, 109.3499984741211, 108.80000305175781, 108.3499984741211, 108.25, 106.19999694824219, 106.05000305175781, 105.80000305175781, 105.80000305175781, 106.0], "2454.TW": [4070.0, 4475.0, 4155.0, 4085.0, 4180.0, 4470.0, 4560.0, 4460.0, 4390.0, 4465.0, 4535.0, 4285.0, 4310.0, 3880.0, 3910.0, 4245.0, 4335.0, 4345.0, 4195.0, 4125.0, 4030.0, 3995.0, 3925.0, 3925.0, 3825.0], "2308.TW": [2255.0, 2415.0, 2200.0, 2160.0, 2215.0, 2210.0, 2230.0, 2155.0, 2150.0, 2150.0, 2080.0, 2000.0, 1980.0, 1810.0, 1905.0, 1950.0, 1990.0, 1970.0, 2075.0, 1995.0, 1890.0, 1885.0, 1880.0, 1880.0, 1890.0], "5876.TW": [40.150001525878906, 42.650001525878906, 42.04999923706055, 42.0, 42.5, 42.900001525878906, 42.599998474121094, 42.79999923706055, 42.5, 41.45000076293945, 41.79999923706055, 41.54999923706055, 42.0, 42.400001525878906, 42.79999923706055, 42.70000076293945, 42.400001525878906, 41.849998474121094, 42.0, 41.70000076293945, 42.400001525878906, 42.54999923706055, 42.79999923706055, 42.79999923706055, 44.150001525878906]}}