{"labels": [1781744400, 1782090000, 1782176400, 1782262800, 1782349200, 1782435600, 1782694800, 1782781200, 1782867600, 1782954000, 1783040400, 1783299600, 1783386000, 1783472400, 1783558800, 1783645200, 1783904400, 1783990800, 1784077200, 1784163600, 1784250000, 1784509200, 1784595600, 1784682000, 1784768400], "data": {"2330.TW": [2410.0, 2510.0, 2490.0, 2390.0, 2390.0, 2340.0, 2370.0, 2410.0, 2505.0, 2465.0, 2445.0, 2460.0, 2440.0, 2465.0, 2415.0, 2415.0, 2440.0, 2420.0, 2440.0, 2470.0, 2290.0, 2320.0, 2410.0, 2400.0, 2405.0], "0050.TW": [107.30000305175781, 111.1500015258789, 110.0999984741211, 107.1500015258789, 107.19999694824219, 103.0999984741211, 104.44999694824219, 107.80000305175781, 109.3499984741211, 108.80000305175781, 108.3499984741211, 108.25, 106.19999694824219, 106.05000305175781, 105.80000305175781, 105.80000305175781, 106.0, 104.4000015258789, 106.30000305175781, 106.4000015258789, 100.1500015258789, 99.19999694824219, 102.5, 103.8499984741211, 103.9000015258789], "2454.TW": [4390.0, 4465.0, 4535.0, 4285.0, 4310.0, 3880.0, 3910.0, 4245.0, 4335.0, 4345.0, 4195.0, 4125.0, 4030.0, 3995.0, 3925.0, 3925.0, 3825.0, 3660.0, 3740.0, 3700.0, 3370.0, 3340.0, 3670.0, 3850.0, 3875.0], "2308.TW": [2150.0, 2150.0, 2080.0, 2000.0, 1980.0, 1810.0, 1905.0, 1950.0, 1990.0, 1970.0, 2075.0, 1995.0, 1890.0, 1885.0, 1880.0, 1880.0, 1890.0, 1855.0, 1890.0, 1905.0, 1740.0, 1705.0, 1835.0, 1880.0, 1880.0], "5876.TW": [42.5, 41.45000076293945, 41.79999923706055, 41.54999923706055, 42.0, 42.400001525878906, 42.79999923706055, 42.70000076293945, 42.400001525878906, 41.849998474121094, 42.0, 41.70000076293945, 42.400001525878906, 42.54999923706055, 42.79999923706055, 42.79999923706055, 44.150001525878906, 44.70000076293945, 44.599998474121094, 44.95000076293945, 45.20000076293945, 45.54999923706055, 45.650001525878906, 45.0, 44.79999923706055]}}